firstName,lastName,dateOfBirth,experience
Sholom,Goodswen,10/9/2023,4
Hort,Renzullo,6/10/2024,13
Dell,Gurr,10/1/2023,15
Paxton,Wincott,4/29/2024,14
Rustin,Stone Fewings,12/28/2023,12
Charisse,Flack,1/2/2024,5
Samara,Haddick,4/6/2024,1
Ame,Tesche,5/20/2024,12
Jefferson,Penn,4/26/2024,5
Guido,Lipscomb,6/25/2024,9
Sylvan,Oganian,3/7/2024,14
Felisha,Jury,5/16/2024,10
Ottilie,Calvard,3/30/2024,15
Codi,Heady,9/29/2023,7
Natal,Castelyn,6/7/2024,3
Sheela,Teape,2/21/2024,14
Halley,Crucetti,12/29/2023,4
Jareb,Glazebrook,2/2/2024,5
Abbye,Hannan,6/8/2024,1
Phillipp,Waine,11/23/2023,8
Letti,Wride,10/31/2023,15
Paige,Chamberlain,1/21/2024,10
Cornelle,Tanman,3/11/2024,13
Katharine,Depport,6/20/2024,11
Judas,Pickerill,2/8/2024,7
Melva,Verbrugge,3/19/2024,6
Guillaume,Darree,1/3/2024,15
Paul,Yukhnini,2/20/2024,15
Leicester,Basini-Gazzi,3/9/2024,12
Nanine,Caspell,11/2/2023,13
Lauraine,Putley,1/17/2024,4
Jacques,Attenbrow,1/20/2024,6
Joyce,Praundl,5/20/2024,10
Fredrika,Irnis,7/29/2024,3
Matteo,Ovanesian,6/21/2024,12
Kort,Siveter,1/24/2024,15
Mord,Alliot,12/6/2023,8
Tatum,Maynell,11/20/2023,5
Cody,Emma,12/17/2023,5
Larissa,Civitillo,3/21/2024,15
Hal,Skilling,5/7/2024,12
Morgen,Tunney,11/9/2023,15
Agretha,Roglieri,1/29/2024,5
Viola,Drysdall,7/10/2024,11
Hannah,Dossett,1/7/2024,6
Teodor,Hammor,1/26/2024,4
Jayson,Britian,3/11/2024,11
Sonia,Armes,10/23/2023,4
Fionna,Murley,4/8/2024,15
Katusha,Mustoe,5/9/2024,12
Arni,Cluatt,2/19/2024,3
Cornelius,Bignold,1/13/2024,5
Corrianne,Ferras,2/16/2024,11
Lorne,Jennrich,12/24/2023,6
Matias,Resun,2/5/2024,2
Talia,Burgett,10/9/2023,8
Hurley,Hynd,1/1/2024,6
Karl,Greensitt,3/31/2024,12
Michaelina,Stailey,11/5/2023,15
Raphael,Mapis,11/6/2023,7
Lyssa,Henriquet,1/7/2024,8
Geraldine,Nicholas,4/5/2024,5
Marcelia,Ben-Aharon,1/6/2024,3
Noel,Elce,11/17/2023,11
Magdalene,Ferran,6/5/2024,7
Tymon,Fairbrace,6/5/2024,6
Trefor,Pigne,10/10/2023,11
Tiffany,Siemens,5/4/2024,2
Sammy,Bletso,9/13/2023,13
Zolly,Munns,5/28/2024,8
Harman,Poxton,1/23/2024,4
Brita,Tytcomb,9/10/2023,4
Alanna,Doyley,6/22/2024,14
Nicky,Paydon,8/14/2024,9
Ralf,Nelm,9/18/2023,6
Lambert,Balfe,6/27/2024,5
Pernell,Tuite,5/9/2024,10
Kimble,Grattan,3/26/2024,4
Myrtie,Jellis,1/10/2024,1
Alyse,Altham,2/4/2024,5
Shea,Jaze,1/8/2024,2
Phillie,Cowlam,11/4/2023,14
Hermie,Maharey,1/24/2024,9
Travers,Fullilove,10/24/2023,12
Marcel,Clandillon,9/6/2023,10
Milty,Jersch,11/15/2023,9
Lissi,Beevis,9/22/2023,11
Reuven,Pikhno,4/20/2024,6
Clarinda,Mateja,1/22/2024,14
Sissy,Traise,10/23/2023,4
Deborah,Doudny,1/13/2024,2
Bronson,Dorling,3/24/2024,15
Pearce,Gunny,12/12/2023,10
Eleanora,Campione,2/19/2024,6
Arin,Manwell,12/24/2023,9
Brandie,Campsall,6/13/2024,11
Korie,Pears,6/27/2024,8
Claudetta,Shinefield,9/14/2023,2
Montgomery,Messenger,1/3/2024,15
Joseito,Tunuy,3/23/2024,8
